id,name,host_id,host_name,neighbourhood_group,neighbourhood,latitude,longitude,room_type,price,minimum_nights,number_of_reviews,last_review,reviews_per_month,calculated_host_listings_count,availability_365,number_of_reviews_ltm,license
27934,Nice room with superb city view,120437,Nuttee,,Ratchathewi,13.75983,100.54134,Entire home/apt,1595,15,65,17-09-2024,0.4,1,362,0,
27979,"Easy going landlord,easy place",120541,Emy,,Bang Na,13.66818,100.61674,Private room,,1,0,,,2,0,0,
28745,modern-style apartment in Bangkok,123784,Familyroom,,Bang Kapi,13.75232,100.62402,Private room,,60,0,,,1,0,0,
47516,Beautiful waterfront house,214456,Anuradha,,Don Mueang,13.92726,100.58529,Entire home/apt,4188,3,0,,,1,365,0,
48736,Condo with Chaopraya River View,222005,Athitaya,,Rat Burana,13.68556,100.49535,Private room,1450,14,1,03-02-2014,0.01,1,365,0,
55681,Sathorn Terrace Apartment(61),263049,Tor,,Bang Rak,13.71934,100.5176,Private room,1368,2,39,04-09-2025,0.22,4,365,5,
62217,Luxury@swimpool/FreeWiFi/nearJJMkt,302658,Srisuk,,Phaya Thai,13.79152,100.53982,Private room,,1,0,,,1,0,0,
105042,Central Bangkok 3 Bedroom Apartment,545890,Henry,,Khlong Toei,13.73378,100.56303,Entire home/apt,5600,28,147,07-01-2020,0.86,1,302,0,
113744,River View - Ivy Condo (1 Bedroom),578110,Muay,,Rat Burana,13.68568,100.49231,Private room,1147,30,0,,,1,365,0,
121410,"MetroPoint Suite Room, Near Airport",610315,Kasem,,Bang Kapi,13.76747,100.63287,Private room,1416,1,6,15-04-2024,0.19,3,364,0,
145343,Boutique Rooms Near Bangkok Airport,703944,,,Lat Krabang,13.721868,100.771713,Private room,1080,1,75,07-07-2025,0.57,1,363,4,
156583,Studio near Chulalongkorn University/Samyan,58920,Chindawan,,Bang Rak,13.7285,100.52313,Entire home/apt,1248,7,77,22-08-2025,0.46,1,54,5,
159355,Nice and Cozy Room @ Sathorn Area,764690,Wirat,,Yan na wa,13.71363,100.54652,Entire home/apt,,2,0,,,1,0,0,
169285,Stay at the ROARING RATCHADA!,806600,Frances,,Huai Khwang,13.78118,100.58349,Private room,,1,0,,,1,0,0,
169514,2br apt in Sukhumvit Asoke near BTS,729617,Kanchuya,,Vadhana,13.74464,100.55784,Entire home/apt,1498,90,0,,,1,365,0,
172332,Tranquility found in busy Bangkok near new skytran,822284,Rae And Charlie,,Bang Sue,13.83148,100.52102,Entire home/apt,1170,3,28,23-02-2025,0.18,7,177,3,
241416,Sukhumvit52 near SkyTrain to BkkCBD,960892,Vajirune,,Phra Khanong,13.70169,100.5977,Private room,2094,3,0,,,1,365,0,
296960,Luxury&Comfy wthWifi walk-distance to Subwy-Malls,175729,Mitchell William,,Chatu Chak,13.80926,100.56892,Entire home/apt,1073,358,56,04-08-2019,0.34,1,365,0,
313459,One Bed Room at Sukumvit 50 Bangkok,1611711,Nichapat,,Khlong Toei,13.71513,100.5683,Private room,,1,0,,,1,0,0,
320014,2-BR condo near BTS on Sukhumvit Rd,843854,Anshera,,Khlong Toei,13.7281,100.57318,Entire home/apt,2104,30,74,13-02-2025,0.45,1,179,2,
384924,Oasis in the heart of Bangkok,1667508,Siriwipa,,Ratchathewi,13.74902,100.55652,Entire home/apt,,90,96,31-10-2024,0.61,1,101,1,
385130,Lumphini 4 City Center | Private Bath | AC,1927968,Ivan,,Sathon,13.720548,100.54697,Entire home/apt,665,1,409,16-08-2025,2.48,63,275,8,
385278,Nice River View Condominium 30 sq.m,1928343,Chanvit,,Rat Burana,13.68426,100.49841,Private room,,1,0,,,1,0,0,
385979,"Clean,cozy,convenient APT at BTS",1681901,Pornpan,,Khlong San,13.71905,100.50414,Entire home/apt,1450,30,81,07-04-2023,0.5,2,260,0,
390611,Sukhumvit apartment near Nana BTS,807406,Hollis,,Khlong Toei,13.74052,100.55237,Entire home/apt,725,2,230,30-08-2025,1.41,1,271,19,
393066,SKY 18 - 99 feet in the sky,1927968,Ivan,,Sathon,13.720785,100.547241,Entire home/apt,680,1,478,24-08-2025,2.98,63,361,14,
397449,Cozy Studio Apt near Skytrain.(72/74),263049,Tor,,Sathon,13.71782,100.51622,Private room,1364,1,47,17-12-2024,0.29,4,365,2,
405662,"Asoke: tasteful, modern 1BR condo",1425515,Peter,,Vadhana,13.73816,100.56495,Entire home/apt,1496,30,37,01-12-2024,0.23,1,93,1,
407381,3 minutes walk to Phrom Phong BTS,1463818,Amporn,,Vadhana,13.73675,100.57191,Entire home/apt,3480,7,14,14-09-2022,0.09,1,83,0,
413824,Lumphini 6 Central Oasis: Private EnSuite,1927968,Ivan,,Sathon,13.720548,100.54697,Entire home/apt,623,1,373,09-09-2025,2.4,63,336,21,
428360,Big Studio ensuite private kitchen near to PK gym,2129668,Wimonpak,,Yan na wa,13.69673,100.53202,Entire home/apt,952,1,36,04-04-2025,0.22,42,365,1,
428421,2. Bangkok bright Apartment 201,2129668,Wimonpak,,Bang Kho laen,13.69935,100.52723,Entire home/apt,739,1,44,02-01-2025,0.27,42,307,4,
428950,BKK City Fab Luxx Studio free wifi @1194,2129668,Wimonpak,,Bang Kho laen,13.698,100.52886,Entire home/apt,810,1,134,16-02-2025,0.83,42,282,3,
430691,5. Bangkok Bright Apartment -WIFI1194,2129668,Wimonpak,,Bang Kho laen,13.70068,100.5228,Entire home/apt,810,365,30,04-02-2025,0.21,42,365,1,
430703,"6. Bangkok nice, cosy Apartment 201 near to PK gym",2129668,Wimonpak,,Bang Kho laen,13.69925,100.52624,Entire home/apt,836,1,61,11-05-2025,0.38,42,350,6,
430706,7. Bangkok big bright Apartment 402,2129668,Wimonpak,,Bang Kho laen,13.70086,100.52276,Entire home/apt,922,365,8,28-06-2013,0.05,42,365,0,
432004,Deluxe Studio Twin,2148220,Marvin,,Sathon,13.71922,100.5255,Private room,,1,14,23-02-2017,0.09,3,0,0,
439051,Luxury Riverview Teakwood Apartment-Great Views :),2122791,Maam & Hermann,,Yan na wa,13.67317,100.54406,Hotel room,,2,120,28-02-2020,0.74,1,0,0,
441869,Furnished 1 br Sukhumvit21 MRT/BTS,699499,Jirarat,,Vadhana,13.74168,100.56219,Private room,1455,30,0,,,2,364,0,
441870,Spacious/Furnished room Sukhumvit21,699499,Jirarat,,Vadhana,13.74152,100.56172,Private room,1433,10,0,,,2,365,0,
449782,BKK Center Fab studio1150 free wifi,2129668,Wimonpak,,Bang Kho laen,13.69832,100.52434,Entire home/apt,801,1,68,16-04-2025,0.42,42,180,1,
449793,Ensuite Bright Studio-super WI-FI,2129668,Wimonpak,,Bang Kho laen,13.70089,100.52388,Entire home/apt,765,1,16,23-02-2025,0.1,42,180,3,
449826,Loft near Sathon/Silom - BTS SaphanTaksin,2129668,Wimonpak,,Bang Kho laen,13.70218,100.52254,Entire home/apt,762,200,43,15-04-2023,0.27,42,364,0,
450464,9. Bangkok Mini Stylish Studio 205,2129668,Wimonpak,,Bang Kho laen,13.70039,100.52806,Entire home/apt,802,1,58,05-04-2025,0.44,42,365,6,
527553,"Beautiful Apt @ Ratchayothin BTS, Free Wifi",2592798,Nokina,,Chatu Chak,13.82841,100.57103,Entire home/apt,,2,23,21-02-2016,0.14,2,0,0,
534241,Stunning 24th Fl Terrace Penthouse!,2625384,Mike,,Chatu Chak,13.80994,100.5651,Entire home/apt,5036,30,0,,,1,365,0,
580270,SKY 21 Colorful Room with Soaring View Center BKK,1927968,Ivan,,Sathon,13.720785,100.547241,Entire home/apt,793,1,124,18-07-2025,0.95,63,362,9,
581755,Brand New room near Airport Railway,2864425,Urcha,,Bang Kapi,13.75056,100.60844,Private room,,5,1,03-12-2013,0.01,1,0,0,
605314,SKY 22 bedroom with a smooth life view,1927968,Ivan,,Sathon,13.720785,100.547241,Entire home/apt,680,1,462,11-09-2025,2.9,63,336,11,
605343,SKY 11 Sweet Dreams in the Center of Bangkok,1927968,Ivan,,Sathon,13.720785,100.547241,Entire home/apt,600,1,241,05-03-2025,1.55,63,338,6,
608624,Big Jacuzzi+BTS/BRT+wifi 300mbps,2940438,Kinifrog,,Thon buri,13.71699,100.4783,Entire home/apt,,29,6,09-09-2024,0.18,23,55,0,
688013,1 BR Near BTS WIFI/POOL/FITNESS (B),1780407,Feb,,Bang Na,13.67926,100.61655,Entire home/apt,1199,45,154,03-04-2025,0.98,5,213,4,
691478,Studio à¹ Affordable comfort,3533863,Sarasinee,,Phaya Thai,13.78887,100.56009,Entire home/apt,,30,4,15-12-2012,0.03,4,0,0,
691526,Studio with kitchen @ Ratchada,3533863,Sarasinee,,Phaya Thai,13.79032,100.56145,Entire home/apt,,1,0,,,4,0,0,
691540,SN Suite with 1 Bedroom,3533863,Sarasinee,,Din Daeng,13.78829,100.56171,Entire home/apt,,3,0,,,4,0,0,
715652,Cosy 1 bed room service apartment!,3687435,Avinash,,Din Daeng,13.78777,100.56551,Entire home/apt,,1,6,18-10-2015,0.04,1,0,0,
722291,"1 bedroom apartment, Center Bangkok",1810415,Egidio,,Sathon,13.72109,100.53915,Entire home/apt,841,300,35,17-06-2022,0.24,2,269,0,
722660,"Bangkok View, Luxurious 1 bedroom,Sathorn.",3734436,Chok,,Sathon,13.70644,100.52544,Entire home/apt,1128,21,0,,,2,365,0,
723070,"One Bed apartmentm,The Seed Mingle condo, Bangkok",3734436,Chok,,Sathon,13.72075,100.53993,Entire home/apt,1450,21,2,05-12-2018,0.02,2,364,0,
729015,NEW River Condo Center BTS temples,3785867,Julia,,Khlong San,13.72214,100.51068,Entire home/apt,,2,36,30-04-2018,0.23,2,179,0,
742693,Nice 1 Bed 5 mins walk Thonglor BTS,3888806,Nulek,,Khlong Toei,13.72062,100.58019,Entire home/apt,1386,28,3,22-05-2025,0.14,1,363,2,
758483,Thong Lo Living: Stylish/Spacious 90 sqm Apartment,1774390,Add,,Vadhana,13.73595,100.58375,Entire home/apt,2000,3,66,03-08-2025,0.42,2,300,3,
768019,"Luxury 3BR+ Pool Villa for 6-10, great location",2975807,Ingo,,Vadhana,13.73668,100.56693,Entire home/apt,12000,28,4,30-04-2023,0.03,1,269,0,
788043,Thonburi  APT @Sky train,4070562,Ben,,Khlong San,13.72101,100.50378,Entire home/apt,720,30,99,22-08-2025,0.64,3,83,3,
808870,Chambre privÃ©e en condominium,4255924,Arnaud,,Khlong Toei,13.73684,100.55488,Private room,,7,0,,,1,0,0,
811670,Lovely quaint Bangkok home,4268095,Sutida,,Din Daeng,13.78499,100.56958,Entire home/apt,2031,3,31,05-05-2025,0.2,1,95,1,
818612,Budget price but 5 star value near new skytrain,822284,Rae And Charlie,,Bang Sue,13.83148,100.52151,Entire home/apt,1300,3,18,23-08-2025,0.12,7,152,6,
820395,Cosy cottage in garden setting near new skytrain,822284,Rae And Charlie,,Bang Sue,13.83026,100.52082,Entire home/apt,950,7,15,01-04-2025,0.1,7,362,1,
822214,Jade House overlooking Pool near new skytrain,822284,Rae And Charlie,,Bang Sue,13.83148,100.52307,Entire home/apt,1500,3,37,18-06-2025,0.24,7,145,7,
837342,Studio with breakfast à¹ Bangkok,3533863,Sarasinee,,Phaya Thai,13.78832,100.56145,Private room,,3,0,,,4,0,0,
851956,Great bright&spacious 1B BTS Onnut,4100838,Siri,,Khlong Toei,13.70486,100.60152,Entire home/apt,1340,14,46,05-07-2025,0.3,3,304,3,
852063,2BR Apt. near Sathon Silom-free WIFI,4396467,Sujin,,Sathon,13.71828,100.54823,Entire home/apt,2500,30,26,05-01-2023,0.17,3,149,0,
858311,"Luxury Riverview Penthouse, 5 Pax, near Iconsiam",4491588,Donzo,,Khlong San,13.72242069,100.5087128,Entire home/apt,5899,2,393,07-09-2025,2.56,1,262,45,
858338,SKY 14 Vibrant street Cozy n Cool near center,1927968,Ivan,,Sathon,13.720785,100.547241,Entire home/apt,,1,311,27-08-2025,2.02,63,364,12,
861105,Home Sweet Home For Your Family near new skytrain,822284,Rae And Charlie,,Bang Sue,13.83235,100.5228,Entire home/apt,1850,3,59,04-08-2025,0.38,7,142,7,
866152,Unit in relaxing garden setting near new skytrain,822284,Rae And Charlie,,Bang Sue,13.82955,100.52119,Entire home/apt,1300,3,1,19-02-2025,0.14,7,149,1,
866329,Entire Studio center of Bangkok,4549405,Carlos,,Bang Rak,13.72465,100.53205,Private room,,21,24,24-07-2025,0.16,2,306,5,
869715,Stylish 1 bed 3 min walk from BTS,4583001,Suchela,,Khlong Toei,13.7142,100.59233,Entire home/apt,,120,0,,,2,0,0,
873841,Suite,4115838,Primrose,,Thawi Watthana,13.79109,100.33362,Private room,1750,2,0,,,6,350,0,
881208,1 Bedroom in trendy Sathorn area near Skytrain!,4549405,Carlos,,Bang Rak,13.72386,100.52563,Private room,,89,0,,,2,364,0,
885848,Lux High Skyline- 1BR w/Spa + Pool + Gym(Min30day),4696220,Ricky,,Ratchathewi,13.75015,100.55276,Entire home/apt,1386,30,27,05-05-2018,0.18,1,363,0,
888304,Cozy Apt @ Ratchayothin BTS Great Facility,2592798,Nokina,,Chatu Chak,13.83028,100.57065,Entire home/apt,,30,9,14-12-2021,0.06,2,0,0,
889909,Spare room in a gated compound,4721867,Annie,,Bang Na,13.65979,100.60643,Private room,,1,4,06-09-2016,0.03,1,0,0,
915293,One bedroom suite with kitchen@ center of Bangkok,4913308,Attakorn,,Parthum Wan,13.74551,100.54235,Entire home/apt,2780,3,3,12-09-2025,0.08,1,296,2,
923795,3BR 300 SqM Apt near BTS PhromPhong,4968824,Sanjay,,Khlong Toei,13.72468,100.56838,Private room,,1,0,,,1,0,0,
933070,Yoong Thong Double Standard Room,1203066,Tienchai,,Min Buri,13.78238,100.74811,Private room,,30,0,,,2,0,0,
933092,Rachapruk Twin Standard Room,1203066,Tienchai,,Min Buri,13.78235,100.7482,Private room,,1,0,,,2,0,0,
941803,Suite Room 1 at MetroPoint,610315,Kasem,,Bang Kapi,13.7703,100.63148,Private room,1648,1,0,,,3,364,0,
941865,Suite Room 3 at MetroPoint,610315,Kasem,,Bang Kapi,13.76872,100.63338,Private room,1678,1,1,01-01-2024,0.05,3,363,0,
952677,Standard Room Decor do Hostel,5171292,Somsak,,Khlong San,13.7204,100.50757,Private room,,1,3,07-02-2015,0.02,8,0,0,
959254,"Deluxe Condo, Nana, Pool/GYM/Sauna",5153476,Natcha,,Khlong Toei,13.71516,100.56806,Entire home/apt,,30,0,,,1,0,0,
960858,"New, Stylish & Luxury Studio Condo",3769704,Pat,,Sai Mai,13.9077,100.64473,Private room,,1,0,,,1,0,0,
969792,1 penthouse in central Bangkok,5297436,Anya,,Ratchathewi,13.7547,100.53268,Entire home/apt,,1,0,,,1,0,0,
973830,BangLuang House1 @ Bangkok Thailand,5325919,à¸§à¸ªà¸§à¸±à¸•à¸•à¸´à¹Œ,,Bangkok Yai,13.73292,100.46413,Private room,1970,1,91,01-09-2025,0.6,2,153,3,
976690,Beautiful 1 BR apartment @BTS Ari,5344120,Nattavut,,Phaya Thai,13.77931,100.54262,Entire home/apt,1260,30,91,29-08-2025,0.6,4,300,2,
978969,"60 m2 apartment in Thong Lor, Bangkok",5358785,Danny,,Vadhana,13.73121,100.57847,Entire home/apt,1676,4,9,02-01-2025,0.06,1,363,3,
988373,BangLuang House 2@ Bangkok Thailand,5325919,à¸§à¸ªà¸§à¸±à¸•à¸•à¸´à¹Œ,,Phasi Charoen,13.73122,100.46228,Entire home/apt,1758,1,136,31-07-2025,0.89,2,162,14,
1016487,Private room in Bangkok,5594281,Yodying,,Chatu Chak,13.82148,100.58326,Private room,,30,0,,,1,0,0,
1920431,Apartment with cafe food massage,9955279,Panu,,Lat Krabang,13.72021,100.75534,Private room,560,1,1,03-07-2023,0.04,1,363,0,
1926489,Ideo Blucove Sukhumvit Bangkok,9434109,Sander,,Bang Na,13.67998,100.61074,Entire home/apt,1425,29,0,,,1,365,0,
1933894,"2-Storeied Bighouse,3br3à¸ºbth,Near Park/BTS/Airport",9509219,Pee,,Pra Wet,13.70004,100.6787,Entire home/apt,3214,7,4,03-12-2023,0.03,9,250,0,
1936939,Baan Nampetch Hostel (Standard Twin room),8626494,Paula,,Phra Nakhon,13.76032,100.50069,Private room,1176,1,136,19-01-2020,0.94,9,364,0,
1943048,"Best nr Chatujak, MRT, BTS free wifi&fNetflix",9906827,Nokiko,,Chatu Chak,13.81694,100.56451,Entire home/apt,1130,30,353,15-05-2025,2.5,1,327,9,
1953657,2 Bedrooms fit for family/58 sqm./4 mins to BTS,10099278,Karjsanit,,Vadhana,13.7085,100.60039,Entire home/apt,1300,28,71,11-08-2025,0.5,1,178,3,
1961981,S1 hostel (Dorm) Sathorn Bangkok,10138065,S1,,Sathon,13.72157,100.54509,Shared room,380,1,94,24-03-2025,0.71,3,365,3,
1963939,Parkview BKK/ Cozy studio room/ Pratunam market,10146514,Benja,,Ratchathewi,13.75650176,100.5416617,Private room,950,1,5,17-02-2024,0.17,5,362,0,
1976962,River Side Luxury View,10204823,Jahidul,,Yan na wa,13.70497,100.55134,Private room,,1,0,,,1,0,0,
1980886,New and Modern Spacious Apartment,10222460,Preeda,,Phra Khanong,13.6937,100.59897,Entire home/apt,,3,0,,,1,0,0,
1982413,Hip Room â™¥ Of BKK+River+BTS+WIFI,3346331,Bee,,Sathon,13.71278,100.5156,Entire home/apt,761,2,494,08-09-2025,3.44,7,242,26,
2064413,BH : Double Room - Near BTS,8664261,Kriengkrai,,Sathon,13.71659,100.51588,Private room,,1,0,,,4,0,0,
1019241,Chic two bedroom for Monthly rental,3323622,Phoebe,,Bang Rak,13.72687,100.52725,Entire home/apt,,30,102,20-02-2020,0.68,1,0,0,
1026451,"â™¡Chic Studio, Easy Walk to Pier & BTS Taksinâ™¡",3346331,Bee,,Sathon,13.71192,100.51535,Entire home/apt,731,2,570,16-09-2025,3.78,7,280,35,
1028469,One Bedroom Suites,2148220,Marvin,,Sathon,13.71602,100.52663,Private room,,1,0,,,3,0,0,
1028486,Deluxe Studio,2148220,Marvin,,Sathon,13.71798,100.52841,Private room,,1,4,12-11-2014,0.03,3,0,0,
1035351,Room for Group stay 4pax,4115838,Primrose,,Thawi Watthana,13.79318,100.33369,Private room,4000,1,0,,,6,361,0,
1035589,Double  Bed Apartment,4115838,Primrose,,Thawi Watthana,13.79274,100.33377,Private room,1700,2,5,30-04-2025,0.14,6,327,3,
1035640,Double Bed Apartment,4115838,Primrose,,Thawi Watthana,13.79315,100.33356,Private room,2012,2,1,08-07-2023,0.04,6,361,0,
1041976,"Tranquil Large Entire Floor w/ Free Transfer, Siam",5735895,Pariya,,Parthum Wan,13.74757,100.52878,Entire home/apt,3048,3,370,22-09-2025,2.52,2,321,46,
1052180,"City View, relaxed theme & delicious food around",5793490,Nicky,,Bang Kho laen,13.69947,100.52726,Entire home/apt,896,2,50,25-07-2025,0.35,6,267,6,
1057173,Modern Condo Near BTS Udom Suk â€“ Walkable Location,5822937,Piya,,Bang Na,13.67991,100.61055,Entire home/apt,950,10,195,09-08-2025,1.35,1,240,13,
1060320,Mix Dorm  Decor do Hostel,5171292,Somsak,,Khlong San,13.72214,100.50752,Shared room,256,1,12,08-02-2020,0.09,8,87,0,
1067748,5 mins by car from Chong Nonsi BTS Station,4154759,Mimi,,Sathon,13.71498,100.53312,Entire home/apt,1316,1,65,09-09-2025,0.54,5,96,15,
1079039,Spacious 1Bed apartment,5935474,Tisa,,Huai Khwang,13.75224,100.58979,Entire home/apt,1015,15,0,,,1,270,0,
1094136,"Private, relaxed with amenities",5793490,Nicky,,Bang Kho laen,13.6993291,100.5272899,Entire home/apt,1224,2,32,31-01-2025,0.24,6,163,3,
1133843,à¹€à¸®à¹‰à¸²à¸ªà¹Œà¹‚à¸«à¸¡à¸” House Mode,6220137,Prapussorn,,Thon buri,13.72646256,100.4912934,Private room,,1,0,,,1,0,0,
1138679,1 Bed Pool Access Onnut BTS,4877320,Nisa,,Suanluang,13.71119,100.63334,Entire home/apt,8823,21,0,,,2,365,0,
1141969,Great location on a charming loft,6262801,Andrea,,Bang Rak,13.72687,100.52326,Entire home/apt,2739,30,8,22-01-2019,0.05,1,83,0,
1151862,phiyapa,6313832,Psirivedin,,Don Mueang,13.9277,100.58757,Private room,,1,0,,,1,0,0,
1155399,"Premium2B2BApt10m,Subway,Airport",6329126,Borisut,,Ratchathewi,13.75086,100.55932,Private room,,180,0,,,1,0,0,
1160838,Spacious 2 Bedroom Apartment near BTS-non smoking,1513875,Suchada,,Phaya Thai,13.7736,100.54079,Entire home/apt,2696,1,666,19-09-2025,5.2,4,359,226,
1178280,Crane nest 14 loft with views over Sathorn,1927968,Ivan,,Sathon,13.72048,100.54682,Entire home/apt,1329,10,38,14-08-2025,0.29,63,365,7,
1187726,Private Studio Bed Room Walkable from BTS Ari,5402740,Nattha,,Phaya Thai,13.77808,100.5416,Entire home/apt,808,120,19,11-06-2024,0.24,1,270,0,
1218098,Transit DMK & Not far from Impact,6647138,NiNew,,Lak Si,13.88974,100.56257,Private room,,1,28,12-11-2023,0.19,4,357,0,
1218415,Cozy 5-10 min walk to 2 train st,6648638,Yamilah,,Bang Kapi,13.76234,100.64894,Entire home/apt,1105,2,1,29-12-2024,0.11,2,206,1,
1227663,Cool Luxury Apt in Best Location (great wifi),5469059,Andrew,,Parthum Wan,13.7402,100.54093,Entire home/apt,4073,27,127,02-04-2025,0.85,1,272,3,
1235695,Furnished studio 5min from Skytrain,4583001,Suchela,,Phaya Thai,13.78761,100.55319,Entire home/apt,,365,0,,,2,0,0,
1244333,"Private Room@Chatuchak,BTS,JJ market,DMK airport",2087671,Apipu,,Phaya Thai,13.79221,100.54631,Private room,,1,33,15-03-2020,0.44,1,0,0,
1255386,SSIP HOME-15minWalkKhaosan-FreeBreakfast-TripleBed,6838199,Sirikamol,,Dusit,13.77073,100.50478,Private room,,1,0,,,3,0,0,
1296322,Mini chic Apartment -BTS S Taksin,2129668,Wimonpak,,Sathon,13.71425,100.51332,Entire home/apt,727,1,236,12-02-2025,1.59,42,89,13,
1302302,2 Beds Serviced Modern Oriental SkyVillas,6132593,Salvatore,,Sathon,13.72027,100.52851,Entire home/apt,3269,2,161,27-07-2025,1.1,8,175,6,
1316688,Contemporary Modern Duplex - Thonglor,5394070,Eva,,Khlong Toei,13.72242,100.57962,Entire home/apt,1293,30,89,25-06-2025,0.61,1,144,4,
1338281,Loft Studio 6 min BTS Sapan Taksin,2129668,Wimonpak,,Sathon,13.71506,100.51319,Entire home/apt,1002,1,140,12-08-2025,0.96,42,362,10,
1338489,FABB Modern 4 BTS Sapan Taksin,2129668,Wimonpak,,Sathon,13.7133,100.51337,Entire home/apt,950,1,182,22-02-2025,1.22,42,164,9,
1341114,Five artist loft apartments,7273604,Nim,,Bang Na,13.67826,100.60592,Entire home/apt,1750,28,0,,,4,365,0,
1341890,"Studio near Airport Link Ramkhamhaeng, Kitchen",7278395,Niramol,,Huai Khwang,13.74538,100.59943,Entire home/apt,933,30,68,05-07-2025,0.46,10,270,6,
1344388,comfortable in Bangkok Near MRT,2653642,Hab,,Din Daeng,13.77126,100.57088,Private room,,2,0,,,1,0,0,
1350390,3.# Bargain Deal Cool  apartment 5 min BTS Taksin,2129668,Wimonpak,,Sathon,13.71628,100.51238,Entire home/apt,903,1,146,17-08-2025,0.98,42,326,16,
1388584,"The Oasis Ari, 90 sqm house (1.5 bedroom)",7511818,Rojanayol,,Phaya Thai,13.78662,100.53913,Entire home/apt,2457,2,33,05-09-2025,0.22,1,229,29,
1394285,Superior Double Room Near Airport,7489121,Anis,,Suanluang,13.73789,100.64271,Private room,817,1,13,19-07-2024,0.12,12,364,0,
1395513,Superior Twin Room Near Airport,7489121,Anis,,Suanluang,13.73613,100.64319,Private room,914,1,0,,,12,365,0,
1400351,Studio in Beung Kum,7489121,Anis,,Bueng Kum,13.78327,100.67124,Private room,616,1,3,19-09-2019,0.04,12,346,0,
1404697,Superior Double Room Near Yanhen Hospital,7489121,Anis,,Bang Phlat,13.80698,100.5121,Private room,903,1,0,,,12,365,0,
1405479,Junior Family Room Near Yanhee Hospital.,7489121,Anis,,Bang Phlat,13.807,100.51059,Private room,1564,1,0,,,12,364,0,
1405480,Superior Twin Room Near Yanhee Hospital,7489121,Anis,,Bang Phlat,13.80657,100.51192,Private room,945,1,0,,,12,365,0,
1406065,Superior Db Rm Near Yanhee Hospital,7489121,Anis,,Bang Phlat,13.80685,100.5125,Private room,945,1,0,,,12,365,0,
1412787,"Big room suite by the river, near ICON SIAM",7616231,Jeab,,Khlong San,13.72174,100.50769,Entire home/apt,1778,3,149,23-09-2025,1.04,2,67,15,
1419797,2-room apartment@heart of BKK,7644106,Jirapha,,Parthum Wan,13.74381,100.54792,Entire home/apt,2025,7,127,30-07-2025,0.86,1,213,9,
1420577,River view near ICON SIAM 74sqm. Free pick up,7647775,Hataipat,,Khlong San,13.71847,100.50914,Entire home/apt,,45,1,25-08-2013,0.01,5,149,0,
1421233,Close to river and near city. Free pick up,7647775,Hataipat,,Khlong San,13.71672,100.5092,Entire home/apt,,30,72,27-02-2020,0.51,5,3,0,
1440474,"Studio Sukhumvit 22, MRT BTS Asok Phrom Phong (2F)",7736004,Prim,,Khlong Toei,13.72670937,100.5635605,Entire home/apt,1758,7,23,06-04-2025,0.18,3,254,10,
1444053,Cozy 7th,7753623,Kia,,Chatu Chak,13.79616,100.56478,Private room,1312,2,0,,,1,179,0,
1452584,Quiet&Cozy Place on Thong Lor Street,578672,Warin,,Vadhana,13.73862,100.585,Private room,997,3,1,01-01-2014,0.01,1,364,0,
1453230,LumpiniVille Prachachuen-Phongphet2,7795450,Kirawut,,Vadhana,13.7214,100.58484,Private room,,1,0,,,1,0,0,
1457235,City view Studio surrounding by street food,5793490,Nicky,,Bang Kho laen,13.6993291,100.5272899,Entire home/apt,1351,2,20,24-02-2025,0.15,6,267,7,
1463101,"Comfortable serviced 1BR, BTS, POOL",7840606,Nap,,Phaya Thai,13.78519,100.5496,Entire home/apt,,1,8,03-12-2022,0.07,1,0,0,
1485265,New Model Studio 24 - Sukhumvit 77,5469970,Yair,,Suanluang,13.72162,100.61622,Entire home/apt,1099,28,19,04-02-2025,0.14,17,331,2,
1504766,Cozy Riverfront APT with sunset view,1681901,Pornpan,,Bang Kho laen,13.68839,100.51065,Entire home/apt,1749,28,23,13-08-2025,0.18,2,254,7,
1507375,One bed room comfortable condo,8008449,Sina,,Vadhana,13.70714,100.60281,Entire home/apt,,1,0,,,1,0,0,
1522068,100sqm 2BR â€¢ Easy DMK Access â€¢ Near SRT Station,8123510,Tatiya,,Chatu Chak,13.84340286,100.5621872,Entire home/apt,2262,2,301,28-08-2025,2.1,29,362,28,
1526123,Thong Lo Cozy Haven: Charming 60 sqm Home,1774390,Add,,Vadhana,13.73767,100.58381,Entire home/apt,2172,3,48,16-07-2025,0.33,2,347,4,
1547429,à¸šà¹‰à¸²à¸™à¹ƒà¸à¸¥à¹‰à¸ªà¸¸à¸§à¸£à¸£à¸“à¸ à¸¹à¸¡à¸´ à¸•à¸£à¸‡à¸‚à¹‰à¸²à¸¡à¹à¸­à¸£à¹Œà¸žà¸­à¸£à¹Œà¸•à¸¥à¸´à¹‰à¸‡à¸šà¹‰à¸²à¸™à¸—à¸±à¸šà¸Šà¹‰à¸²à¸‡,8243802,Prare,,Saphan Sung,13.73667,100.69141,Entire home/apt,,1,0,,,1,0,0,
1560067,Central Bangkok closed by Sathorn,7667490,Egg,,Sathon,13.72053,100.53854,Entire home/apt,,180,85,16-04-2016,0.58,1,0,0,
1571204,Old Spice 3 Vintage Elegance in the Heart of BKK,8214044,Evan From Sanctuary House,,Sathon,13.72052,100.54682,Entire home/apt,1094,1,325,11-09-2025,2.24,9,363,15,
1585084,Luxury 3 Bedrooms Suite @BTS Phrompong,8444643,Kiattisak,,Vadhana,13.73616,100.57224,Entire home/apt,11411,100,46,26-02-2019,0.33,67,364,0,
1589614,à¹‡Home with club house,6364900,Somkid,,Pra Wet,13.72352,100.6536,Entire home/apt,,1,0,,,1,0,0,
1621954,Baan Nampetch Hostel (Standard Double room),8626494,Paula,,Phra Nakhon,13.76052,100.50066,Private room,1340,1,249,15-04-2025,1.72,9,364,6,
1629978,iSanook Eco Studio 7,8663142,ISanook,,Bang Rak,13.73244,100.52204,Private room,,30,23,23-12-2024,0.16,49,266,1,
1630813,iSanook Suite Deluxe 45 sqm 1,8663142,ISanook,,Bang Rak,13.73232,100.52336,Private room,,30,12,30-11-2024,0.08,49,363,1,
1630920,iSanook Studio 32 sqm 6,8663142,ISanook,,Bang Rak,13.73241,100.52168,Private room,,30,23,11-01-2018,0.16,49,326,0,
1631106,iSanook Family Suite Deluxe 67 sqm 1,8663142,ISanook,,Bang Rak,13.73195,100.52318,Private room,,30,34,24-01-2023,0.24,49,363,0,
1638413,Cool Studio 1 walk 5 min to BTS. S. Taksin,2129668,Wimonpak,,Sathon,13.71637,100.51592,Entire home/apt,890,180,230,28-10-2024,1.58,42,270,1,
1645379,Heart of Bangkok,8191888,Nan,,Vadhana,13.73944,100.55863,Private room,,30,7,15-03-2016,0.05,5,364,0,
1645397,Private Apartment,8191888,Nan,,Vadhana,13.73972,100.55779,Private room,1325,30,20,23-06-2016,0.14,5,323,0,
1647608,iSanook Suite 34 sqm 1,8663142,ISanook,,Bang Rak,13.73288,100.52328,Private room,,30,16,24-02-2023,0.11,49,294,0,
1657411,Near Suvarnabhumi Airport,8362130,Luckana,,Lat Krabang,13.719,100.73172,Entire home/apt,1225,1,63,28-02-2020,0.44,2,364,0,
1661636,Lumphini 10 City Center | Private Bathroom | A/C,1927968,Ivan,,Sathon,13.720548,100.54697,Entire home/apt,623,1,241,16-09-2025,1.66,63,334,26,
1665776,1 Bedroom with Twin Beds- 2 guests,8807437,Oillie,,Bangkok Yai,13.74286,100.47575,Entire home/apt,2267,1,4,28-03-2018,0.03,9,363,0,
1665970,1 Bedroom with a Double Bed- 2 guests,8807437,Oillie,,Bangkok Yai,13.74162,100.47567,Entire home/apt,2267,1,4,03-01-2025,0.1,9,363,1,
1666361,2 Bedrooms with two double beds for 4 people,8807437,Oillie,,Bangkok Yai,13.74308,100.47737,Entire home/apt,3259,1,1,10-01-2016,0.01,9,363,0,
1669918,Condominium 190 m2,8841731,Sylvain Et Takae,,Khlong Toei,13.72387,100.57261,Private room,,729,20,05-01-2019,0.14,1,263,0,
1685582,SKY 9 Urban Oasis: Tranquil Retreat in Central BKK,1927968,Ivan,,Sathon,13.720785,100.547241,Entire home/apt,879,1,219,29-08-2025,1.5,63,346,17,
1704776,NEw Pro!!  Bungalow Bkk Centre,2129668,Wimonpak,,Bang Kho laen,13.69757,100.5288,Entire home/apt,940,250,18,03-08-2017,0.13,42,365,0,
1765918,2BR apt in a cozy neighborhood,9279712,Jing,,Phaya Thai,13.77486,100.54272,Entire home/apt,1610,30,152,05-02-2025,1.06,3,57,6,
1791481,Nice and Quiet condo near BTS Onnut,9399478,Piyakorn,,Khlong Toei,13.70719,100.59936,Entire home/apt,1578,30,76,31-05-2019,0.57,1,302,0,
1793000,The Duplex - Asoke- Luxury 92sqm,9407280,Timo,,Vadhana,13.74668,100.56137,Entire home/apt,6106,25,292,22-02-2024,2.02,1,332,0,
1808600,Contemporary Modern Duplex-Thong Lo,9478184,Shine,,Khlong Toei,13.72097,100.57823,Entire home/apt,1817,60,83,12-09-2018,0.58,1,90,0,
1816517,1 BR condominium center BKK +NETFLIX+55SQM,8492603,Sudhichai,,Ratchathewi,13.75351,100.53308,Entire home/apt,1100,30,80,25-04-2025,0.57,1,195,3,
1817644,Baan Nampetch Hostel for 4 guest.,8626494,Paula,,Phra Nakhon,13.76044,100.50095,Private room,1723,1,25,10-01-2025,0.19,9,364,1,
1821471,Baan Nampetch Hostel (Basic Double no window),8626494,Paula,,Phra Nakhon,13.76222,100.50212,Hotel room,1245,1,160,19-11-2024,1.11,9,365,4,
